Team_ID,Team
1,HUS
2,BOS
3,WAS
4,PHW
5,DEF
6,PRO
7,BOM
8,CLR
9,CHS
10,NYK
11,PIT
12,BAL
13,ROC
14,JET
15,MNL
16,FTW
17,SYR
18,DN
19,WAT
20,INO
21,AND
22,TCB
23,SHE
24,MIH
25,STL
26,DET
27,CIN
28,LAL
29,CHP
30,CHZ
31,SFW
32,PHL
33,BLT
34,CHI
35,SEA
36,SDR
37,ATL
38,MIL
39,PHX
40,POR
41,CLE
42,BUF
43,GOS
44,HOU
45,KCK
46,CAP
47,NOJ
48,NYN
49,SAN
50,IND
51,DEN
52,NJN
53,SDC
54,UTH
55,DAL
56,LAC
57,SAC
58,MIA
59,CHH
60,MIN
61,ORL
62,TOR
63,VAN
64,UTA
65,PHI
66,GSW
67,SAS
68,MEM
69,NOH
70,NOK
71,PHO
72,CHA
73,OKC
74,BKN
75,NOP
