Team_Id,Team_Name,School_Name
fe406882-9f22-495e-9df6-ef357a6803c6,Tigers,Princeton
ca478771-aa3d-4231-81e0-b70f519134fb,Bulldogs,Yale
5c7bf63f-bc39-43c5-9907-73b50b7a6b34,Crimson,Harvard
d60357bd-1205-42e9-9092-d986a2843a34,Big Green,Dartmouth
88ff8c00-958e-4ccf-a21d-77fab9e93692,Big Red,Cornell
ca74bd67-034c-4468-8487-6f983f5eb4f6,Lions,Columbia
558abf02-97f4-4323-aa99-63c076d35932,Bears,Brown
e6c94452-1adf-4fb9-90e5-10f165c57c5a,Quakers,Penn
8ab00d43-840a-4c96-bdee-bf88fa6e3f11,Cowboys,Oklahoma St.
6ed15092-2670-450a-99c2-61d861e87644,Longhorns,Texas
f8c705b7-87d3-411a-9c8b-5124daab0469,Red Raiders,Texas Tech
db6e1cab-3fa3-4a93-a673-8b2a358ff4bf,Bears,Baylor
0e4258fa-3154-4c16-b693-adecab184c6c,Cyclones,Iowa St.
f7fcbb6e-4a55-41ea-ba21-f763ed914467,Horned Frogs,TCU
b2fda957-e15c-4fb2-8a13-6e58496f561e,Sooners,Oklahoma
f770d3a2-221c-49ce-9c7a-680f7417fe9e,Mountaineers,West Virginia
fae4855b-1b64-4b40-a632-9ed345e1e952,Jayhawks,Kansas
d203f38a-a166-4258-bca2-e161b591ecfb,Wildcats,Kansas St.
7e42fa84-68cd-47a6-b49a-18b5414d8084,Bears,Northern Colo.
de8fc8a7-253f-4597-8a48-a0104ef226ae,Fighting Hawks,North Dakota
6a67ba19-56a8-4dd8-a5ae-9e9f2523c274,Bengals,Idaho St.
54df21af-8f65-42fc-bc01-8bf750856d70,Eagles,Eastern Wash.
c7116621-45ed-4ab1-9ad9-dee524120569,Thunderbirds,Southern Utah
4743cb7c-784a-4b95-a380-5471f92f2217,Wildcats,Weber St.
1753768d-e46e-40b1-8d69-a8ae5cccec03,Lumberjacks,Northern Ariz.
1dc13b18-f9b3-4bb9-b1cf-979fcd8c2b6f,Hornets,Sacramento St.
ec6185b7-4e0c-4eb8-99ef-f3a4dccf6b91,Vandals,Idaho
79965018-7f6f-4273-9eef-65c99b592b01,Vikings,Portland St.
bec40585-b587-4548-93f5-b7c00b046aea,Bobcats,Montana St.
e3848467-66c0-41e5-8283-02e3586d8601,Grizzlies,Montana
f8b1bf00-5b73-4ac4-98c0-ec554027ae32,Cornhuskers,Nebraska
b03bb029-4499-4a2c-9074-5071ed360b21,Scarlet Knights,Rutgers
150148c2-ca8f-414f-8f41-d94a55d4a122,Fighting Illini,Illinois
c7569eae-5b93-4197-b204-6f3a62146b25,Badgers,Wisconsin
2778d005-cc14-4e58-9bf2-3fc37bffb62f,Terrapins,Maryland
a41d5a05-4c11-4171-a57e-e7a1ea325a6d,Spartans,Michigan St.
12d7f888-675b-459f-9099-a38f771d8a95,Boilermakers,Purdue
c10544de-e3bd-4776-ba2e-83df8c017fd1,Hawkeyes,Iowa
857462b3-0ab6-4d26-9669-10ca354e382b,Buckeyes,Ohio St.
fa416692-7e09-4f0a-9bcf-0cf7d5149a14,Golden Gophers,Minnesota
4aebd148-8119-4875-954c-66779867989b,Nittany Lions,Penn St.
bdc2561d-f603-4fab-a262-f1d2af462277,Wolverines,Michigan
4b7dedc0-7b48-49a4-aad6-8a94a33274d2,Wildcats,Northwestern
c3f0a8ce-af67-497f-a750-3b859376b20a,Hoosiers,Indiana
9c396fa7-c165-4599-8542-158bd0d9a199,Raiders,Wright St.
90ec10eb-38a4-4a69-b072-ef71d294933b,Jaguars,IUPUI
da7d41bc-48b0-4a04-948f-792d6470bcb5,Penguins,Youngstown St.
61a3e5ab-1be3-4694-b83f-edae0953f409,Phoenix,Green Bay
dfe0d93f-94a5-47fb-b7aa-f74786e09acb,Flames,Ill.-Chicago
ab9a1315-293f-42d3-a164-860216e81576,Norse,Northern Ky.
1b78e7f6-f25c-4921-98e2-9bc565f8dfb4,Titans,Detroit Mercy
e30c0417-b220-424e-886e-dd1249e2ca5a,Vikings,Cleveland St.
aeaaef0d-5238-414e-ac04-c55a22cba208,Golden Grizzlies,Oakland
5d77800f-1ae6-4b66-8e97-b0dbb8bbc717,Panthers,Milwaukee
06f7c904-0ac7-4125-b0f4-f4871bb69057,Golden Eagles,Marquette
aef5e386-d8e8-460c-8014-3a2f090fd988,Pirates,Seton Hall
bdb7d7a4-45f8-4bf3-ab85-15488c451494,Bulldogs,Butler
7d3b9c72-cbdd-4b64-9aa3-a5bde9b75fdc,Friars,Providence
ee09e6ad-3872-4745-bbb9-ebbd5c6f8318,Blue Demons,DePaul
c1f4aae1-aa16-4095-aeab-10e5c2a1236a,Red Storm,St. John's (NY)
7d797407-623e-476d-b299-46de4275414d,Bluejays,Creighton
4383eb6a-7fd8-4ff2-94c5-43c933121e88,Wildcats,Villanova
8736b67f-5924-400b-bf94-3bd804c36600,Hoyas,Georgetown
0d8a328f-20ce-410b-bed1-15fc01308aaf,Musketeers,Xavier
8aaad1c0-d16e-4b9f-8541-dac670addd71,Aggies,UC Davis
45439cdb-af7a-4743-936c-dccc76b30877,Mustangs,Cal Poly
c009914b-3303-4dee-b915-978aa48a31d0,Titans,Cal St. Fullerton
11a617d5-af03-4cce-bc8a-51114d9e41fe,49ers,Long Beach St.
3b6293f3-03db-46d2-8793-248963c2d83b,Gauchos,UC Santa Barbara
39d00ef7-320d-47cf-a2fa-859bc24d16b4,Anteaters,UC Irvine
d4dc55b3-94fe-4d4f-b0bf-c50c5f064392,Warriors,Hawaii
6b170a32-8445-4cb1-8638-724996c3094b,Highlanders,UC Riverside
cb732075-23a5-4e71-9037-50a7a002bdb2,Matadors,CSUN
8accb91e-6086-41b3-a420-7a82fa442365,Phoenix,Elon
ad24b724-a11c-4dcd-a68c-67c53833ccb7,Tribe,William & Mary
0affc15f-641d-4211-970d-fb9fb8d36842,Fightin Blue Hens,Delaware
36ca2008-cd2e-4549-8b3b-c745167e07f3,Pride,Hofstra
6f3eec09-2918-4739-a0e8-5d79e14a8332,Tigers,Towson
8548dacb-3636-48a8-8c46-611ab0c15fc0,Cougars,Col. of Charleston
c54279f9-3028-4663-893a-7d22482f8098,Seahawks,UNCW
93df9b18-e9fc-42a7-bb45-a736c203b4dc,Huskies,Northeastern
f2d01b77-0f5d-4574-9e49-2a3eaf822e44,Dragons,Drexel
524e3eec-7dde-45c7-b3cc-6308cec73350,Dukes,James Madison
c13f96ba-c79c-452f-9f63-3b45fae4e543,Bulldogs,Samford
4c9fb59b-6cec-4b0d-bb0f-628b391d138c,Mocs,Chattanooga
6bff595c-32cb-4028-837c-c7de2a2107e6,Catamounts,Western Caro.
612f7f66-1de1-4d42-b842-9a508daab911,Spartans,UNCG
d750d88f-f7b8-4bc3-a5f6-36e7a67ec93e,Buccaneers,ETSU
412e7f0d-fb93-4e6e-be1f-9a4c7490d121,Bulldogs,The Citadel
ca5318f2-48eb-4f6b-896a-966b900aa42f,Paladins,Furman
a14b0057-8eb5-43d2-a33b-666196da933e,Bears,Mercer
227d3567-d57b-417e-afc4-735e4cb308a1,Keydets,VMI
9916713f-b243-452b-93ae-a2c3ccabf68b,Terriers,Wofford
0dadedb0-2bd3-45e7-91a3-93af6c4e87f2,Trojans,Little Rock
4af63ebd-d3c8-4772-bbde-938a078bd057,Chanticleers,Coastal Caro.
87d88c93-29bc-4306-b0a6-87c6f6e80da1,Mountaineers,Appalachian St.
7c2b372b-b5f0-466e-90cf-880beec57584,Mavericks,UT Arlington
18585f21-1d63-4400-974c-433fd5073c34,Warhawks,La.-Monroe
94ea835b-8ce9-4de2-a5b1-971548fea974,Panthers,Georgia St.
95826e36-ea33-4b51-83a8-7b4cc20999ee,Red Wolves,Arkansas St.
6b955b96-b736-475e-bffd-e4acf2054169,Eagles,Ga. Southern
1e5dc9e4-c60d-487b-8279-dfbec9229faa,Bobcats,Texas St.
10c614fa-9646-46cf-a1fb-5af96772bbb8,Jaguars,South Ala.
6373b18c-62f6-49bc-bd4c-8959a2466516,Trojans,Troy
63cad858-8654-4956-8438-8fe79cd1208a,Ragin' Cajuns,Louisiana
6e5dfe2c-28cc-411f-b846-af8436093ab2,Fighting Camels,Campbell
79871449-f5a1-4650-b3cf-85b78fd6943e,Runnin' Bulldogs,Gardner-Webb
559db90c-741f-40d1-aa81-3fdd1d4889f3,Flames,Liberty
600aad0e-85e7-4db8-be0b-94ba02a08e55,Lancers,Longwood
f2cf9ba2-ac8c-4d92-8e7a-48dd88e8f40b,Highlanders,Radford
b06b63b0-20e6-4c78-bdcf-5feac3d7995e,Blue Hose,Presbyterian
a311188e-1259-4fda-b0ea-c47cb52694b1,Panthers,High Point
ad9fce12-6b1a-400c-bcbe-29d84d065fc0,Bulldogs,UNC Asheville
a3fef707-e4fc-48a0-82f1-f4ef01b76f45,Buccaneers,Charleston So.
ca441726-0c57-4456-b1e7-fff098484fb5,Eagles,Winthrop
3556d445-b3f1-467e-b150-952b32dfb150,Pioneers,Sacred Heart
82c12e8d-7c6c-47d8-b100-3cbc190d268e,Blackbirds,LIU Brooklyn
b71d5a1b-2671-4e5a-b94b-06bfb22a27dd,Knights,Fairleigh Dickinson
61dadefa-76bf-4db4-8067-f88df540b9cd,Bulldogs,Bryant
a93bf4f2-3724-4539-8c8a-9ac8ee3741a6,Blue Devils,Central Conn. St.
3b644902-cd06-4930-9a3e-6c78cfb1f464,Seahawks,Wagner
e19cfc47-f23f-4c64-ba29-2e6d12dc45b2,Terriers,St. Francis Brooklyn
5fe4a398-1699-4442-a364-305b2f0ac01e,Mountaineers,Mt. St. Mary's
6637ac5f-59c2-4888-af34-a86d138ccfb3,Red Flash,Saint Francis (PA)
6906e22d-92fa-40cb-8c05-ec8391ac1979,Colonials,Robert Morris
e7ff6d5c-07e9-42af-955d-0a0b8c1e2288,Privateers,New Orleans
5ef64f01-86ae-4553-9834-c79cc0859eaf,Lumberjacks,SFA
dfc2dfb7-aa67-4c48-99c9-4fa6c6bc4355,Bears,Central Ark.
71874e7e-8260-43f9-bb7c-65f267dbe8ce,Demons,Northwestern St.
c0d19efd-d40c-4e32-8e90-dbcb28178b5d,Colonels,Nicholls St.
67322042-9c40-4dc2-b33a-4754c02ec82a,Bearkats,Sam Houston St.
95a27dc5-16d5-4745-9adb-34c41e1444e8,Huskies,Houston Baptist
55cd5bb4-b030-4a7a-9652-6cebaf81c574,Lions,Southeastern La.
912671c7-19fd-451b-813e-885485427820,Cardinals,Incarnate Word
d2ef641c-70e4-48bb-b40d-ac654d179205,Cowboys,McNeese
a52b2ece-1f87-45b5-ae1e-8d0920479965,Wildcats,Abilene Christian
fe21a988-3e96-4f3c-8f9f-b449ccda43b0,Islanders,A&M-Corpus Christi
eda6c307-1e0f-4a28-82f4-ee9653b343fb,Cardinals,Lamar University
1da70895-f77f-44ef-b216-d63c02e696eb,Ducks,Oregon
ad4bc983-8d2e-4e6f-a8f9-80840a786c64,Sun Devils,Arizona St.
ec0d6b67-4b16-4b50-92b2-1a651dae6b0f,Bruins,UCLA
683ab61f-546f-44da-b085-c3a5740554aa,Cardinal,Stanford
0d037a5d-827a-44dd-8b70-57603d671d5d,Utes,Utah
9fccbf28-2858-4263-821c-fdefb3c7efa3,Buffaloes,Colorado
532d3874-b4b3-4c5c-acc6-749a6db26c8f,Beavers,Oregon St.
aacdc78d-b7fa-48f6-9686-2fdb8a95030e,Golden Bears,California
3a000455-de7c-4ca8-880e-abdce7f21da9,Trojans,Southern California
e52c9644-717a-46f4-bf16-aeca000b3b44,Huskies,Washington
9b166a3f-e64b-4825-bb6b-92c6f0418263,Wildcats,Arizona
2d4f0015-adb4-4877-8c15-4a6eed7eed03,Cougars,Washington St.
441a11b4-b506-45b3-8030-fe72a4381c40,Lions,Loyola Marymount
28023973-1d9d-4d01-b939-dc8f9b44fb1c,Broncos,Santa Clara
c9570e17-c4fd-41e6-908a-1a083941319d,Tigers,Pacific
2f4d21f8-6d5f-48a5-abca-52a30583871a,Bulldogs,Gonzaga
224e3b21-30e7-4a05-9e8c-62721d581db8,Pilots,Portland
c31455b2-8a45-4248-aa8f-ce7eab1c6b02,Cougars,BYU
d24efd99-8717-43b9-a086-9986a684ac04,Dons,San Francisco
17479d6f-c8f1-458b-9412-8c76279a2bb4,Waves,Pepperdine
b18f34af-a7f1-4659-a2e5-fc11a31cd316,Gaels,Saint Mary's (CA)
620d5944-7156-47d3-aad5-5b3824557d03,Toreros,San Diego
ad9a3e21-4585-4e35-8946-290fe4a16f18,Explorers,La Salle
22d90601-19d4-461b-a901-924d12f116ed,Bonnies,St. Bonaventure
7888d144-563d-4f84-b99b-d120aecf1fef,Rams,Fordham
1e42cce3-236b-4f3e-9650-2c45e6332e1e,Billikens,Saint Louis
f9e4261e-d11d-46c4-bd33-c7bbc94ef0e8,Hawks,Saint Joseph's
88104678-e53b-43b3-82f7-efb3a11cedb9,Minutemen,Massachusetts
d52c3640-069c-4554-982e-e6537c8044f1,Colonials,George Washington
7e42bca2-3cd7-4aca-aa46-f190fe5d8eb4,Rams,Rhode Island
c1c1e6df-a383-4fbd-ba7b-32d4f9ef9518,Rams,VCU
fea46ac5-6dad-43cd-a770-75554dbcc118,Dukes,Duquesne
632616c5-2dbb-4017-a449-c9dfc303f026,Flyers,Dayton
2920c5fa-1e86-4958-a7c4-1e97b8e201d8,Wildcats,Davidson
9b66e1e0-aace-4671-9be2-54c8acf5ecfc,Spiders,Richmond
e76479d0-a768-46d2-89bf-7b9dae12bec8,Patriots,George Mason
23fec4e7-108f-4569-85d1-bef2f794e925,Panthers,Eastern Ill.
fe037cba-25d9-42f5-a461-61d7102c17de,Golden Eagles,Tennessee Tech
a0a22502-0d84-440c-84af-1fbb070ad54c,Bruins,Belmont
13358462-e05b-4449-8688-90c4622cdde8,Gamecocks,Jacksonville St.
9febd5fa-982f-4f40-ad1d-8e49be96cf4f,Skyhawks,UT Martin
87721c44-53a2-47aa-9b3a-0f1c99b0f328,Tigers,Tennessee St.
77a69fb0-1355-4342-ac09-b4cc7949d95e,Racers,Murray St.
c206712f-2298-4279-b76c-834ac42809b9,Cougars,SIUE
a0fdb660-a822-4337-b01d-31c4d2c99c8a,Governors,Austin Peay
e48e3dd5-721c-4d96-8ff4-790fe2597bfd,Colonels,Eastern Ky.
b7747a03-c85b-4de6-94bf-1b5b68553248,Eagles,Morehead St.
6a7083ab-1832-48c0-9168-427b35adbcde,Redhawks,Southeast Mo. St.
dba620d9-7282-4638-bf05-13caf48eeed1,Hawks,Hartford
290a5130-836d-45e6-824f-28704d6ba246,Great Danes,Albany (NY)
18e89867-9201-41ce-ba19-fadddf92fa17,Catamounts,Vermont
93cb009e-5bbf-4081-b2c9-44028fe28096,Wildcats,New Hampshire
0095032d-6143-44f2-8974-f6815fc56c5b,Black Bears,Maine
32755362-6336-4dd3-ac34-6f72a6cc150b,Retrievers,UMBC
fa0f8282-c4f1-490e-962c-f25350cd76f4,Bearcats,Binghamton
23426c0b-1705-4dfb-a0e2-efdbdd8fd6f6,Seawolves,Stony Brook
4927ef8b-e680-4fb8-b10e-2ea3eff32eab,River Hawks,UMass Lowell
fb28bd56-9e56-40c1-992d-71c1e27fe4fd,Dolphins,Jacksonville
5326c079-3dc3-468f-a601-b776dd9c1e62,Eagles,FGCU
a2b8223d-40b3-4076-b5df-55655c2f8591,Bisons,Lipscomb
09920a5f-1b25-466c-b5ae-6167214f5ba9,Ospreys,North Florida
500d7223-ecff-494b-9539-28427156c783,Highlanders,NJIT
2e78bd1b-9422-491e-9c73-37cf83b0e34e,Spartans,USC Upstate
2e8442e9-bd09-4d46-9dd3-de79433287f3,Owls,Kennesaw St.
394d1b2b-7a19-4d43-b04a-5f366c24e5bf,Hatters,Stetson
56fe0ab2-e4f0-47b9-8726-9ce23ebcde20,Zips,Akron
472c22e0-843d-472c-a871-f1593fb0725d,Chippewas,Central Mich.
315c4deb-3c9d-413d-a369-7168f2545d21,Cardinals,Ball St.
a9e4d292-d074-40e7-a81a-f9342929b979,Falcons,Bowling Green
327f09e2-e75f-4014-8ef7-caf9202cd583,Bobcats,Ohio
1165ca31-f181-4206-b727-c4e897e4b5cd,RedHawks,Miami (OH)
2ed86226-3fff-4083-90fa-6b02307e6f73,Eagles,Eastern Mich.
f2164f01-2cbc-4967-bb1c-93656d790921,Broncos,Western Mich.
3da4798c-2d58-4dac-b66e-ad145a91b544,Golden Flashes,Kent St.
34dd83ac-64f2-4b73-8577-899b2a46f5cc,Rockets,Toledo
3f0ac618-3742-471a-9d1f-03e08f3deca2,Huskies,Northern Ill.
a9f5c9a2-342c-4881-9996-5d5c05ec9bd9,Bulls,Buffalo
2267a1f4-68f6-418b-aaf6-2aa0c4b291f1,Wildcats,Kentucky
4f4b0771-994c-4126-822d-7525aaa00f65,Bulldogs,Georgia
77ca152a-cb2f-48a5-97b2-492351250d94,Tigers,Missouri
ef184799-d79b-49d9-a662-991eaf4044cd,Aggies,Texas A&M
d7d668ec-edaa-4d6b-be25-2ebba4128643,Rebels,Ole Miss
b827dbdf-230f-4916-9703-3bb9004e26eb,Volunteers,Tennessee
c70c23c4-ab09-4797-a1af-792c848ab17f,Razorbacks,Arkansas
72971b77-1d35-40b3-bb63-4c5b29f3d22b,Commodores,Vanderbilt
c2104cdc-c83d-40d2-a3cd-df986e29f5d3,Crimson Tide,Alabama
70e2bedd-3a0a-479c-ac99-e3f58aa6824b,Tigers,LSU
a1ba4b89-d97c-44e2-835f-79ad3ccaa5ae,Bulldogs,Mississippi St.
912f8837-1d81-4ef9-a576-a21f271d4c64,Gators,Florida
0c0608b3-f349-4f5e-9a10-7e6a744dd0d2,Tigers,Auburn
1c7ec608-3b36-4cee-adac-9265e3792597,Gamecocks,South Carolina
a7127c0a-a466-47ae-91ad-9a71ee2c9427,Cowboys,Wyoming
1a470730-f328-4fb1-8bbf-36a069e4d6b2,Rams,Colorado St.
dd8db4d8-d984-4cab-b7f6-22c6b8c2c45f,Bulldogs,Fresno St.
68a3227f-677f-43b0-9a3a-cad79d0df9e2,Rebels,UNLV
29de4e5e-ee5b-48c8-bffc-1972e7da1e30,Spartans,San Jose St.
62a73b4a-e281-4483-a1f8-f1160a18e456,Wolf Pack,Nevada
1b1977ec-b32f-4ce3-95a4-d07bab4816cd,Lobos,New Mexico
7672ff16-8436-47e6-8546-0fb5494ec7ee,Aggies,Utah St.
c1c54dbf-805c-47fc-a707-c803e94db2a4,Broncos,Boise St.
e6914f16-ca37-4d2e-ba26-a425910283e2,Aztecs,San Diego St.
aa7af640-5762-4686-9181-39f7b8a8186e,Falcons,Air Force
cc9e5424-ab3b-41ec-b2aa-7e8a73d759c6,Leathernecks,Western Ill.
984e7518-e418-45d5-9797-979b8c2085c1,Bison,North Dakota St.
6ef40534-5fad-4755-84de-7dcbd645d1f0,Jackrabbits,South Dakota St.
22984593-0701-4648-b8a8-f6d695238620,Mastodons,Fort Wayne
68d2aa5b-714f-4652-96f3-b71e1752413f,Mavericks,Omaha
6f676cba-c1f9-45a4-9016-fb408fd525b1,Pioneers,Denver
095417ae-62b0-4109-afc4-d92918599dd4,Golden Eagles,Oral Roberts
c946b7ac-5159-4817-93c4-fc9495c6425b,Coyotes,South Dakota
0f63a6f5-bda7-4fd9-9271-8d33f555ca19,Yellow Jackets,Georgia Tech
dcf5c2e7-c227-4c20-af26-715d5f859412,Tigers,Clemson
b795ddbc-baab-4499-8803-52e8608520ab,Cardinals,Louisville
faeb1160-5d15-4f26-99fc-c441cf21fc7f,Blue Devils,Duke
4fbebf0a-e117-4a0c-8f15-c247535a2a1b,Demon Deacons,Wake Forest
8cd24de1-2be8-4b77-bcfa-47be0495a5f4,Orange,Syracuse
80962f09-8821-48b6-8cf0-0cf0eea56aa8,Fighting Irish,Notre Dame
24051034-96bb-4f78-a3a6-312f3258780f,Panthers,Pittsburgh
56913910-87f7-4ad7-ae3b-5cd9fb218fd9,Cavaliers,Virginia
e9ca48b2-00ba-41c0-a02b-6885a2da1ff1,Tar Heels,North Carolina
52df1e19-b142-4a76-a439-ad68455d0581,Wolfpack,NC State
d3c8a767-b6fc-45d4-a5f2-18406f2993f1,Seminoles,Florida St.
324ccccc-575b-4b82-acb0-fbb8e68da13b,Hokies,Virginia Tech
4b3ff02c-e0ba-435b-a565-6075bc491684,Eagles,Boston College
7aec5187-cb1b-45e5-8f7d-406d766cdc73,Hurricanes,Miami (FL)
63a8fdcf-b51b-4de3-8a57-2a6e41d362ce,Blazers,UAB
ce967953-5c50-4220-87b2-99acb9606e84,Monarchs,Old Dominion
8ddbfca9-a931-4908-aa31-9fcd17624b5f,49ers,Charlotte
6120ac5d-e0f2-4b28-9e6f-ee71596a7e88,Golden Eagles,Southern Miss.
881380da-861c-4ab6-a7d2-20699d8ea883,Hilltoppers,Western Ky.
bb384635-c3a0-459a-8f13-fcd7177313e5,Owls,Rice
c851131a-5ecd-4670-81bc-b40f4837dd65,Owls,Fla. Atlantic
06d15d35-4955-4fdd-83d9-32d24dbd795b,Miners,UTEP
58d8baa3-7624-4b21-a47f-a23df2bf8859,Thundering Herd,Marshall
953151f2-1e42-4cb0-a99e-202493a64dcf,Roadrunners,UTSA
3d2f0819-8f3b-4ff3-afd6-6227c469a751,Blue Raiders,Middle Tenn.
10f450ce-143b-4e46-8bfe-52c644b68b07,Mean Green,North Texas
a8ac24ca-3b7a-4610-ad99-042661584c48,Golden Panthers,FIU
8ff733a9-9f93-46de-ba7e-cf6f7e429670,Bulldogs,Louisiana Tech
31aedd91-a77e-46c1-8bdc-80e9860c159d,Crusaders,Holy Cross
6dfaf0ba-47c4-4e05-b0a7-72734747d48f,Black Knights,Army West Point
6af02334-9ac3-452f-bcf4-20abdb72bd07,Leopards,Lafayette
de9a0e19-b83c-4b98-a6da-81c110cb364b,Terriers,Boston U.
3b088563-ca8a-49a6-9e19-5e4cb186ae1d,Midshipmen,Navy
80a19b57-d6ab-4bee-934f-33a72c2e958a,Raiders,Colgate
2f513e67-f019-4eec-9096-fbc5911858b6,Eagles,American
175d34a7-3823-4e4f-9f11-2464f55360b8,Greyhounds,Loyola Maryland
508f503f-dc57-4f4c-a01e-4f195e5c05c8,Mountain Hawks,Lehigh
98d2123a-c7b9-4b5f-8a81-43f76d8537dc,Bison,Bucknell
df3da9d7-2d2b-44e2-99e2-08c4945a203b,Crusaders,Valparaiso
b47d10b8-a2a5-47df-a2f9-7bd0b9d51beb,Braves,Bradley
2a997096-a381-469d-a7e9-9e031c8b071c,Sycamores,Indiana St.
7cdfcf92-7fe7-46f1-9b66-6912114182e6,Salukis,Southern Ill.
509aacc4-c121-46a2-800a-d5431ef181d2,Redbirds,Illinois St.
aed211c3-23a4-4188-ad70-22c6eba7d765,Bulldogs,Drake
b83de2df-328f-4303-9895-cdff048fb1ed,Bears,Missouri St.
d8217105-e9c2-4267-9538-3aaeea1ae167,Aces,Evansville
61a3908a-7492-4b6f-809e-12c61976bb0a,Ramblers,Loyola Chicago
2c93a75d-5449-4ec1-9ca2-1e6c812399a4,Panthers,UNI
92456e1e-f48c-4385-96ab-14cb27d18726,Vaqueros,UTRGV
820c8f26-cf11-4997-b2e2-19f47bd2f72f,Kangaroos,UMKC
5016fe1a-9571-4d10-bf5b-b9c1b496bd57,Aggies,New Mexico St.
2da57857-b038-4ad3-8199-e3fb339f57d2,Roadrunners,CSU Bakersfield
4200f37c-86e0-413e-a5c4-e5edf1e272e7,Wolverines,Utah Valley
7e100f63-0b32-49f6-a954-f5b7c8cf48ad,Redhawks,Seattle U
2f8c85a7-54f4-4942-be16-2cbac77c82d7,Cougars,Chicago St.
f7e6acc3-0778-4de5-940a-d88e20df1159,Antelopes,Grand Canyon
a17dfc54-415f-49c3-a2e6-d6fa9db18b0a,Bearcats,Cincinnati
55af9c69-3675-4b9b-a882-96640b782fff,Bulls,South Fla.
1551b3a0-6d10-4ffa-8dfa-73b56f004553,Tigers,Memphis
8598d1b6-106b-4083-a512-2e495729525a,Owls,Temple
a601205f-3bfe-4052-ac0b-b8f18cf3efd3,Pirates,East Carolina
1f99a164-d593-4d81-85d5-0d7889d6f486,Cougars,Houston
efba5350-79bc-47aa-a189-db177b95b491,Huskies,UConn
f38b58de-3273-4723-a78b-2f918e9aa2d5,Shockers,Wichita St.
3f4515ea-4472-46b9-ac9e-16d7d8f22a38,Mustangs,SMU
054c3e85-0552-4549-b123-7e84af6e7b6c,Knights,UCF
2959bd24-7007-41ae-a3a3-abdf26888cfc,Golden Hurricane,Tulsa
399ad7fb-de60-45a6-a71f-d26e00f1a4ec,Green Wave,Tulane
e4c315a0-e83f-4d14-856e-34a0463059e3,Eagles,N.C. Central
a44f8c85-7ab6-4a4e-b6f1-c69a4cabe1ed,Bulldogs,South Carolina St.
3eacc387-0ad8-4c5e-a666-c8ab447d224f,Tigers,Savannah St.
a8f75c12-c4db-401f-99e3-b48209d85274,Spartans,Norfolk St.
ffa04cde-aa2d-4e91-b2cd-bde2bfed44de,Hornets,Delaware St.
22fbe5dc-c6db-4675-b3a3-2d8af7f5d313,Bison,Howard
0796c3b6-5308-4aa0-8fdc-c65d39b043c6,Wildcats,Bethune-Cookman
576b816b-5b9a-4768-a62b-f8435a8272c2,Bears,Morgan St.
53aaac6a-796e-41a6-a04e-6ce74c5717f8,Aggies,N.C. A&T
d20216d8-161c-46e3-b8d2-92208ddf5acf,Hawks,UMES
5f9a90a2-3926-404e-8c8a-d9f22ad6907d,Eagles,Coppin St.
cec2527e-5e1e-4817-a628-35666ef13b6e,Rattlers,Florida A&M
161354af-1f3e-4d58-88f7-e016ec74b7b6,Pirates,Hampton
c444e03b-d16b-48b2-9b18-823c2647d41d,Tigers,Jackson St.
949c3398-85e4-4c63-ba71-9a82e06ddea4,Bulldogs,Alabama A&M
1bddc811-44cf-4e53-b4ab-11c8dc82c9de,Braves,Alcorn
5873529e-e5e3-4a06-8a03-fa4cbe509880,Delta Devils,Mississippi Val.
6776c7e6-f4c2-47bd-99e5-39fc179a3197,Tigers,Grambling
a3b13d27-ec14-4a7d-88a2-0bc9f7b58984,Jaguars,Southern U.
1394dd8a-040e-4509-9ee3-761d60eaf6c9,Golden Lions,Ark.-Pine Bluff
91ec9ba2-12e5-4a75-9410-a166c82163fd,Panthers,Prairie View
267d417a-8f85-4c87-a15a-068c089a74c6,Hornets,Alabama St.
eb157f98-0697-459c-9293-ddb162ceb28b,Tigers,Texas Southern
255c2a87-40c0-4989-bbb9-d286aac5d28e,Gaels,Iona
0113eea0-c943-4fff-9780-ae0fb099e7ef,Golden Griffins,Canisius
7a270923-01d6-4a6f-a93e-e8786266d502,Jaspers,Manhattan
aba39ad0-6d9f-4946-bf7e-5c63bf966ce6,Saints,Siena
6a8d2a24-2128-47a0-913f-3d29e9d6592c,Bobcats,Quinnipiac
15d31915-fbd6-4ae3-8e4b-f3b563c56a18,Red Foxes,Marist
0b73b9b9-1e29-4b14-b5d8-0405fe942e32,Broncs,Rider
a381465b-4530-4a00-a50c-5253cd7695a0,Stags,Fairfield
e66d7ed2-9b4c-48c8-adaa-a276793b057d,Peacocks,Saint Peter's
3db7336c-c18a-441b-912e-e2a4408f12ea,Hawks,Monmouth
f7575278-12ec-494a-b544-427c1759d43d,Purple Eagles,Niagara
